avatar_file,address,birthday,about,phone,skype
man-glasses.jpg,38737 Moose Avenue,1990-11-11,"In est risus, auctor sed, tristique in, tempus sit amet, sem. Fusce consequat.",64574473047,high-level
man-blond.jpg,738 Hagan Lane,1989-03-05,Pellentesque ultrices mattis odio.,75531015353,mobile
man-brune.jpg,758 Old Shore Parkway,1987-12-30,Morbi a ipsum. Integer a nibh. In quis justo.,16371407508,Re-engineered
user-man.jpg,11 Dovetail Junction,1979-03-03,Suspendisse potenti.,21468788926,Grass-roots
user-man2.jpg,050 Bowman Alley,1999-04-08,"Morbi quis tortor id nulla ultrices aliquet. Maecenas leo odio, condimentum id, luctus nec, molestie sed, justo.",62931646367,fault-tolerant
woman-glasses.jpg,5 Iowa Avenue,1989-04-18,"Maecenas tristique, est et tempus semper, est quam pharetra magna, ac consequat metus sapien ut nunc. Vestibulum ante ipsum primis in faucibus orci luctus et ultrices posuere cubilia Curae; Mauris viverra diam vitae quam.",63271348718,Team-oriented
man-hat.png,87119 Northland Hill,1989-03-20,Sed vel enim sit amet nunc viverra dapibus. Nulla suscipit ligula in lacus.,41056175169,portal
no-image-available.jpg,6823 Lillian Point,1989-12-13,"Pellentesque viverra pede ac diam. Cras pellentesque volutpat dui. Maecenas tristique, est et tempus semper, est quam pharetra magna, ac consequat metus sapien ut nunc.",72882384431,intermediate
no-image-available.jpg,43 Marquette Plaza,2020-02-14,Morbi ut odio.,69043821394,local area network
no-image-available.jpg,5303 Village Green Hill,1975-02-03,"Suspendisse ornare consequat lectus. In est risus, auctor sed, tristique in, tempus sit amet, sem. Fusce consequat.",28396220507,upward-trending
no-image-available.jpg,67399 Reindahl Place,1930-05-23,Phasellus sit amet erat. Nulla tempus. Vivamus in felis eu sapien cursus vestibulum.,83344513307,grid-enabled
no-image-available.jpg,45 Twin Pines Hill,1935-07-06,"Vivamus metus arcu, adipiscing molestie, hendrerit at, vulputate vitae, nisl. Aenean lectus. Pellentesque eget nunc.",64890419671,background
no-image-available.jpg,46 Sheridan Place,1996-04-16,Quisque ut erat. Curabitur gravida nisi at nibh. In hac habitasse platea dictumst.,23005580487,challenge
no-image-available.jpg,73 Kedzie Terrace,1992-11-07,Pellentesque at nulla. Suspendisse potenti. Cras in purus eu magna vulputate luctus.,27052074771,coherent
no-image-available.jpg,85509 Ludington Drive,1991-02-13,Cras pellentesque volutpat dui.,14800371520,neutral
no-image-available.jpg,67 Northwestern Center,1999-07-07,Aliquam erat volutpat. In congue.,75569924500,Programmable
no-image-available.jpg,725 Eagle Crest Hill,2012-09-29,"Nulla ac enim. In tempor, turpis nec euismod scelerisque, quam turpis adipiscing lorem, vitae mattis nibh ligula nec sem. Duis aliquam convallis nunc.",37349256497,encompassing
no-image-available.jpg,507 Graceland Junction,2006-03-19,Suspendisse potenti.,12403580562,knowledge base
no-image-available.jpg,92 Gina Park,2001-09-29,Phasellus sit amet erat.,40139478003,dynamic
no-image-available.jpg,8 Ridgeview Trail,2003-12-21,Cras pellentesque volutpat dui.,76657531985,solution
