email,name,town,password,registration_date,profile_id
kbuttress0@1und1.de,Karrie Buttress,Moscow,JcfoKBYAB4k,2019-08-10,1
baymer1@hp.com,Bob Aymer,Moscow,ZEE54kg,2018-12-21,2
zboulding2@macromedia.com,Zilvia Boulding,Moscow,VJyMV1Zat,2019-07-25,3
emollon3@bloglovin.com,Emalee Mollon,Moscow,XUIeJ693h,2018-11-13,4
mmulberry4@cmu.edu,Maria Mulberry,Moscow,oWspnl,2019-07-20,5
lby5@mozilla.com,Levey By,Moscow,GdtcUU,2019-02-12,6
beates6@last.fm,Baron Eates,Moscow,UQw6VeA,2019-05-03,7
tvink7@fotki.com,Trip Vink,Moscow,49znXd7haFGz,2019-01-13,8
bterbeck8@about.me,Boonie Terbeck,Moscow,unCjJTF7sjs,2019-09-15,9
atraviss9@auda.org.au,Alonzo Traviss,Moscow,dLuVMAg,2018-12-19,10
nwitteringa@google.com.br,Natassia Wittering,Moscow,tQlUG4n,2019-03-24,11
fbrookeb@nba.com,Felice Brooke,Moscow,s9y9Mcfgy1g,2019-09-27,12
cviccaryc@amazon.co.uk,Carlen Viccary,Moscow,9qd747vh,2018-12-06,13
hgethingsd@sogou.com,Hendrik Gethings,Moscow,zzN5c4,2018-11-18,14
dgirodiase@stanford.edu,Dunc Girodias,Moscow,j9QW6GQI,2018-10-14,15
btanmanf@smh.com.au,Bibbie Tanman,Moscow,1aukKNEIneq,2019-05-03,16
bbartolettig@simplemachines.org,Barnabas Bartoletti,Moscow,3chTNtqhoo,2018-12-25,17
nculliph@fc2.com,Nixie Cullip,Moscow,2UdKIR2f,2019-04-07,18
mpimblotti@xing.com,Matilde Pimblott,Moscow,nGZ8disdg,2019-07-18,19
askurrayj@un.org,Al Skurray,Moscow,bL9tAf,2018-11-25,20
